Model,Test_Accuracy,Test_Macro_F1
Binary EfficientNet-B2,0.9523809523809523,0.8494668246445498
Binary EfficientNet-B2 + TTA,0.9567099567099567,0.8566285998013903
